"","country","site","Bact_S","Fung_S","Plant_S","Omn_S","Pred_S","Unk_S","Total_S","Bact_R","Fung_R","Plant_R","Omn_R","Pred_R","Unk_R","Total_R","M10","P10","transect","Vitality","district","X","Y","sample_ID","senecio"
"1","BE",100,0.602580200116973,0,0.200860066705658,0,0.0502150166764144,0.200860066705658,1.0545153502047,29.300382335343,13.5232533855429,193.833298526115,0,4.50775112851431,22.5387556425716,263.703441018087,0.781592117934891,0.826488706,"DHN1",3,"Flemish dunes",3.00407,51.26768,"100_BE",0
"2","BE",101,0.753706428241306,0.251235476080435,0.452223856944784,0,0.200988380864348,0.100494190432174,1.75864833256305,131.878368077247,63.8121135857647,138.259579435824,0,0,19.1436340757294,353.093695174565,0.798357321841845,0.334698055,"DHN1",4,"Flemish dunes",3.00507,51.26806,"101_BE",0
"3","BE",140,2.51577363637319,0.051342319109657,3.85067393322428,0.205369276438628,0.410738552877256,0.924161743973827,7.95805946199684,271.501850521266,13.352550025636,498.495200957079,8.9017000170907,8.9017000170907,89.017000170907,890.17000170907,0.767326968023691,0.70230179,"ODK_BAD2",3,"Flemish dunes",2.66411,51.13215,"140_BE",1
"4","BE",146,1.70991683891363,0.050291671732754,1.76020851064639,0.201166686931016,0.150875015198262,0.301750030396524,4.17420875381858,51.4198216787229,8.56997027978715,422.785200469499,0,0,42.8498513989358,525.624843826945,0.753508575301814,0.638917263,"ODK_BAD2",2,"Flemish dunes",2.66127,51.13124,"146_BE",0
"5","BE",148,3.25701868609526,0.101781833940477,0.865145588494052,0.152672750910715,0.101781833940477,0.407127335761907,4.88552802914288,288.932278648938,40.6537879506043,332.489908596014,11.6153679858869,4.3557629947076,69.6922079153216,747.739314091472,0.784461111111111,0.821538462,"ODK_BAD2",2,"Flemish dunes",2.65955,51.13078,"148_BE",0
"6","BE",150,2.4536183070432,0.920106865141198,0.460053432570599,0.408936384507199,0.255585240317,0.408936384507199,4.90723661408639,193.263174804985,249.755487440289,249.755487440289,14.8663980619219,2.97327961238439,101.091506821069,811.705334180938,0.795718541058038,0.486943164,"ODK_BAD2",3,"Flemish dunes",2.65856,51.13043,"150_BE",1
"7","BE",162,0.822333594583081,0.0513958496614426,0.20558339864577,0.154187548984328,0.0513958496614426,0.154187548984328,1.43908379052039,96.2535065434346,36.095064953788,597.573853123823,4.01056277264311,0,76.200692680219,810.133680073908,0.762717856817629,0.705581157,"DHN_K",3,"Flemish dunes",3.03919,51.28213,"162_BE",0
"8","BE",164,0.562029218335494,0,0.664216348941947,0.0510935653032267,0.102187130606453,0.204374261212907,1.58390052440003,232.782159877404,68.5714889561345,508.872628569209,9.02256433633348,0,59.548924619801,878.797766358881,0.790732591636157,0.259959142,"DHN_K",3,"Flemish dunes",3.04045,51.28262,"164_BE",0
"9","BE",166,1.085769183341,0.361923061113665,0.568736238892902,0.258516472224047,0.103406588889619,0.258516472224047,2.63686801668528,270.062565880522,77.4962145570194,72.7994742808364,4.69674027618299,2.3483701380915,25.8320715190065,453.235436651659,0.810394186609726,0.391393443,"DHN_K",3,"Flemish dunes",3.04185,51.28339,"166_BE",1
"10","BE",168,2.16619966217626,0.464185641894913,0.206304729731072,0.103152364865536,0.361033277029376,0.309457094596608,3.61033277029376,53.8625122490901,67.9136024010267,37.4695737384975,14.0510901519366,0,32.7858770211853,206.082655561736,0.782162244391423,0.721765914,"DHN_K",4,"Flemish dunes",3.04291,51.28414,"168_BE",0
"11","BE",169,0.45384273426816,0.15128091142272,0.30256182284544,0.05042697047424,0.15128091142272,0.20170788189696,1.31110123233024,133.16326242637,21.3061219882191,213.061219882191,0,0,53.2653049705478,420.795909267328,0.818209670272759,0.362429811,"DHN_K",2,"Flemish dunes",3.04384,51.284,"169_BE",0
"12","BE",170,0.77712003354779,0.310848013419116,0.207232008946077,0.103616004473039,0.0518080022365194,0.0518080022365194,1.50243206485906,121.960386364491,162.613848485988,76.7898728961608,4.51705134683299,2.25852567341649,33.8778851012474,402.017569868136,0.762559947323696,0.702356557,"DHN_K",4,"Flemish dunes",3.04461,51.28458,"170_BE",0
"13","BE",172,1.65551993405542,0.25867498969616,0.25867498969616,0.103469995878464,0.155204993817696,0.051734997939232,2.48327990108314,108.41097488214,21.1533609526126,78.003018512759,1.32208505953829,0,27.763786250304,236.653225657353,0.786361370138302,0.620460358,"DHN_K",3,"Flemish dunes",3.04644,51.28565,"172_BE",1
"14","BE",173,1.99194326452608,0.255377341605907,1.32796217635072,0.459679214890633,0.408603746569452,0.153226404963544,4.59679214890633,86.3501462786089,51.4426403361925,407.866648379812,0,0,58.7915889556486,604.451023950262,0.765543762012055,0.606122449,"DHN_K",3,"Flemish dunes",3.04786,51.28612,"173_BE",1
"15","BE",4,5.01027658181854,0.40900216994437,1.68713395102053,0.204501084972185,0.255626356215231,0.869129611131787,8.43566975510264,597.416811621869,239.907538525318,1662.88852683725,25.8723816056715,25.8723816056715,291.652301736661,2843.60994193244,0.750914565892631,0.337920489,"ODK_BAD1",2,"Flemish dunes",2.65561,51.12914,"4_BE",1
"16","BE",5,5.99234794147797,1.37113046118564,5.63686967376317,0.304695658041253,0.304695658041253,1.57426089987981,15.1840002923891,478.091796567996,451.531141203107,672.869935910512,26.5606553648886,17.7071035765924,141.656828612739,1788.41746123584,0.768508925719628,0.792820513,"ODK_BAD1",2,"Flemish dunes",2.65485,51.12908,"5_BE",0
"17","BE",53,2.41949570169102,0.0514786319508727,0.875136743164836,0.308871791705236,0.154435895852618,0.308871791705236,4.11829055606982,650.991706008595,179.148880335699,762.013547343394,34.0635195004497,8.83128283344993,179.148880335699,1814.19781635729,0.805306020802384,0.801025641,"DEP1",1,"Flemish dunes",2.57507,51.09892,"53_BE",0
"18","BE",55,5.00624908841799,0.206443261378062,0.980605491545792,0.103221630689031,0.464497338100638,0.567718968789669,7.32873577892118,452.245982611135,124.067481955267,588.319995078202,12.0065305118,12.0065305118,80.0435367453336,1268.69005741354,0.835438500696631,0.870389344,"DEP1",3,"Flemish dunes",2.57359,51.09855,"55_BE",0
"19","BE",56,4.75215159580637,2.0439361702393,1.83954255321537,1.02196808511965,0.510984042559825,1.48185372342349,11.650436170364,94.1477606321585,74.0834837761247,149.710373464252,7.71702956001299,1.5434059120026,13.8906532080234,341.092706552574,0.868031431480373,0.487153135,"DEP1",2,"Flemish dunes",2.57259,51.09816,"56_BE",0
"20","BE",58,3.20876410374956,0.152798290654741,0.814924216825284,0.101865527103161,0.203731054206321,0.662125926170543,5.1442091187096,159.435430921637,62.0026675806365,183.055494761879,11.8100319201212,7.38126995007578,33.9538417703486,457.638736904698,0.890190683636604,0.601017812,"DEP1",2,"Flemish dunes",2.56758,51.09642,"58_BE",0
"21","BE",59,4.93004367913679,0.667610081549774,1.12980167646885,0.4108369732614,0.616255459892099,0.718964703207449,8.47351257351636,495.292238233269,36.0808915269269,103.869233183577,9.84024314370734,0,29.520729431122,674.603335518603,0.830900145492486,0.883709016,"DEP1",2,"Flemish dunes",2.56395,51.09525,"59_BE",0
"22","BE",6,1.18245718609732,0.514111820042314,0.565523002046545,0.257055910021157,0.0514111820042314,0.205644728016925,2.77620382822849,350.562637635309,113.562544586086,528.312707422226,14.8125058155764,4.93750193852548,79.0000310164076,1091.18792841413,0.843520961484624,0.962564103,"ODK_BAD1",3,"Flemish dunes",2.65465,51.12896,"6_BE",0
"23","BE",60,4.02212820766009,0,2.80021584077601,0.560043168155203,0.509130152868366,1.78195553503928,9.67347290449896,330.478866999516,8.33140000839115,408.238600411166,8.33140000839115,8.33140000839115,129.136700130063,892.848367565918,0.872069464943004,0.244877049,"DEP1",2,"Flemish dunes",2.56337,51.09496,"60_BE",1
"24","BE",62,1.1229730185433,0.459398053040439,1.07192879042769,0.255221140578022,0.204176912462417,0.306265368693626,3.41996328374549,102.9329950067,141.880614738965,250.377555421702,0,0,44.5115654083027,539.70273057567,0.892731862875365,0.790733198,"DEP1",2,"Flemish dunes",2.557,51.09255,"62_BE",0
"25","BE",65,1.31958975786572,0.91356214006088,0.659794878932858,0.152260356676813,0.304520713353627,0.304520713353627,3.65424856024352,154.797060855773,402.47235822501,256.520843703852,4.4227731673078,0,13.2683195019234,831.481355453866,0.819012035572369,0.924692623,"DEP1",3,"Flemish dunes",2.55226,51.09111,"65_BE",0
"26","BE",8,2.97032017142069,0.0503444096850964,3.92686395543752,0.201377638740386,0.251722048425482,0.201377638740386,7.60200586244956,113.884131930237,17.9817050416164,100.897344955737,0.998983613423135,1.99796722684627,17.9817050416164,253.741837809476,0.836091256745228,0.210364289,"ODK_BAD1",2,"Flemish dunes",2.65848,51.13012,"8_BE",1
"27","BE",81,1.42610802166166,0.763986440175891,2.34289174987273,0.356527005415416,0.254662146725297,0.560256722795654,5.70443208664666,340.929018274962,180.299000049259,708.083345647998,34.4207181912221,13.112654549037,124.570218215851,1401.41495492833,0.742417421756361,0.611196713,"WDN",2,"Flemish dunes",3.0738,51.29871,"81_BE",0
"28","BE",82,2.25343837475897,0.153643525551748,1.53643525551748,0.204858034068997,1.22914820441398,0.819432136275988,6.19695553058716,43.6632812199911,76.4107421349844,82.9602343179831,2.18316406099955,2.18316406099955,19.648476548996,227.049062343954,0.849297485254003,0.21937468,"WDN",3,"Flemish dunes",3.07308,51.2985,"82_BE",1
"29","BE",83,1.17101056014589,0.0509135026150387,0.203654010460155,0.203654010460155,0.203654010460155,0.203654010460155,2.03654010460155,45.2331306993613,4.89006818371473,30.5629261482171,1.22251704592868,2.44503409185737,4.89006818371473,89.2437443527939,0.817730079076635,0.707692308,"WDN",2,"Flemish dunes",3.0728,51.29808,"83_BE",0
"30","BE",84,1.48318936851248,0.0511444609831889,0.869455836714212,0.102288921966378,0.153433382949567,0.153433382949567,2.81294535407539,186.360841025724,77.6503504273851,328.072730555702,3.88251752136925,3.88251752136925,54.3552452991695,654.204202350719,0.840014690390773,0.395194274,"WDN",3,"Flemish dunes",3.07107,51.29721,"84_BE",1
"31","BE",85,0.8790913547657,0.258556280813441,0.413690049301506,0,0.206845024650753,0.155133768488065,1.91331647801947,83.9339811609247,29.9764218431874,181.856959182003,11.990568737275,3.99685624575832,29.9764218431874,341.731209012336,0.825039679619804,0.637807377,"WDN",3,"Flemish dunes",3.0694,51.29632,"85_BE",0
"32","BE",87,2.46610236596041,0.256885663120876,2.05508530496701,0.256885663120876,0.308262795745051,0.513771326241751,5.85699311915597,277.506344391167,120.924552304531,1037.16058322732,7.75157386567506,0,218.594383012037,1661.93743680073,0.77015447265611,0.353333333,"WDN",3,"Flemish dunes",3.0685,51.29582,"87_BE",1
"33","BE",88,0.466108976950127,0.155369658983376,0.517898863277919,0.207159545311168,0.155369658983376,0.25894943163896,1.76085613514492,66.1510314347433,5.36359714335756,159.120048586274,3.57573142890504,0,21.4543885734303,255.66479716671,0.769518690874111,0.460390947,"WDN",2,"Flemish dunes",3.06785,51.29546,"88_BE",1
"34","BE",91,1.31122059836253,0.151294684426445,3.73193554918565,0.151294684426445,0.252157807377409,0.605178737705781,6.20308206148426,86.3314300443929,0,1762.42455968675,29.4790248932073,0,86.3314300443929,1964.56644466875,0.709309150906974,0.872307692,"WDN",4,"Flemish dunes",3.06427,51.29347,"91_BE",0
"35","BE",95,0.730031624603128,0.104290232086161,0.521451160430805,0.573596276473886,0.156435348129242,0.417160928344644,2.50296557006787,63.6301788986604,19.0890536695981,117.079529173535,0,0,22.9068644035178,222.705626145311,0.745337278832347,0.400629261,"DHN1",3,"Flemish dunes",3.00131,51.26616,"95_BE",1
"36","BE",96,0.666303618444251,0.153762373487135,4.92039595158831,0.102508248991423,0.153762373487135,0.256270622478558,6.25300318847681,43.0669659625272,9.93853060673706,318.032979415586,6.62568707115804,9.93853060673706,16.5642176778951,2212.97948176678,0.654655275299588,0.677115987,"DHN1",4,"Flemish dunes",3.00163,51.2665,"96_BE",0
"37","BE",97,0.930060940119743,0.155010156686624,1.39509141017962,0.103340104457749,0.155010156686624,0.361690365602122,3.10020313373248,65.0347804629183,16.6368043044675,201.154088408561,10.5870572846611,0,40.8357923836929,334.248522844301,0.778147874473562,0.606185567,"DHN1",3,"Flemish dunes",3.00212,51.26662,"97_BE",1
"38","BE",98,0.502807738750692,0.0502807738750692,0.703930834250969,0.0502807738750692,0.0502807738750692,0.251403869375346,1.60898476400222,213.853009938316,239.225400947946,489.324683757163,0,3.62462728709009,32.6216455838109,978.649367514325,0.812189547786538,0.964084146,"DHN1",3,"Flemish dunes",3.00291,51.26723,"98_BE",0
"39","BE",99,1.03678997183144,0.155518495774717,0.46655548732415,0.0518394985915722,0.259197492957861,0.0518394985915722,2.02174044507132,381.872589746093,81.311273862286,625.806411332951,11.6158962660409,0,104.543066394368,1205.14923760174,0.709555828004877,0.677435897,"DHN1",3,"Flemish dunes",3.00356,51.26734,"99_BE",0
"40","FR",1,2.16305669981081,0.480679266624625,1.24976609322403,0.288407559974775,0.144203779987388,0.865222679924325,5.19133607954595,399.46885259614,182.297293843476,802.108092911297,12.6815508760679,0,421.661566629259,1818.21735685624,0.857375039498168,0.7344,"Duinkerke",2,"Flemish dunes",2.453485,51.062899,"1_FR",1
"41","FR",10,1.14756391762904,0.249470416875877,1.39703433450491,0.249470416875877,0.099788166750351,0.249470416875877,3.39279766951193,444.534055016069,759.412343985784,566.472215940615,0,0,87.9806983885969,1858.39931333107,0.841202672935805,0.81650641,"Duinkerke",2,"Flemish dunes",2.46419,51.06578,"10_FR",0
"42","FR",100,3.2775423674042,0.857203388398022,1.46228813314957,0.201694914917182,0.403389829834363,0.907627117127318,7.10974575083066,424.830132570199,262.663791642865,586.996473497533,6.85209891242256,0,84.5092199198782,1365.8517165429,0.882821515889229,0.988793103,"Oye",3,"Boulonnais",2.03159,50.99875,"100_FR",1
"43","FR",101,1.36393469697047,0.151548299663386,0.808257598204724,0.101032199775591,0.404128799102362,0.85877369809252,3.68767529180906,243.736108304709,229.808330687297,3161.60551915251,0,0,90.5305545131775,3725.68051265769,0.843129582147457,0.975871314,"Oye",3,"Boulonnais",2.03246,50.99913,"101_FR",1
"44","FR",102,2.79679696537329,0.101701707831756,3.05105123495268,0.559359393074658,3.25445465061619,1.01701707831756,10.7803810301661,166.877666037908,166.877666037908,430.652041388149,8.07472577602779,0,86.1304082776298,858.612507517622,0.866208142648009,0.767100977,"Oye",3,"Boulonnais",2.03414,50.99946,"102_FR",1
"45","FR",103,0.959880747739203,0.303120236128169,0.858840669029813,0.303120236128169,1.0104007870939,0.808320629675118,4.24368330579437,99.733038243879,52.7998437761712,205.332725796221,0,5.86664930846347,21.5110474643661,385.243304589101,0.88793578187267,0.852216749,"Oye",3,"Boulonnais",2.03536,50.9999,"103_FR",0
"46","FR",104,1.93904575751371,0.795505951800495,0.894944195775557,0.198876487950124,0.348033853912717,0.49719121987531,4.67359746682791,674.648418307325,693.742241466967,423.246413372048,0,0,101.833723518087,1893.47079666443,0.893162117466391,0.88376561,"Oye",4,"Boulonnais",2.03717,50.99999,"104_FR",0
"47","FR",105,3.35050291143171,0.412369589099288,0.412369589099288,0.206184794549644,0.257730993187055,0.721646780923753,5.36080465829074,546.992319671122,472.023829157821,621.960810184422,8.32983227925566,19.4362753182632,263.778022176429,1932.52108878731,0.870103212286718,0.902356902,"Oye",3,"Boulonnais",2.03772,51.00036,"105_FR",0
"48","FR",106,2.67319272617634,0.154222657279404,2.46756251647047,0.25703776213234,0.462667971838213,0.719705733970553,6.73438936786732,417.498413908658,71.2802170087953,755.230870688427,0,6.78859209607574,244.389315458727,1495.18740916068,0.877375896188758,0.955723542,"Oye",3,"Boulonnais",2.0386,51.00064,"106_FR",0
"49","FR",107,0.958217623754233,0.302595039080284,1.15994764980776,0.252162532566903,0.403460052107045,0.353027545593665,3.42941044290989,405.685197806973,123.586219199475,454.045022711115,5.37331387823805,10.7466277564761,188.065985738332,1187.50236709061,0.842268048105461,0.797278912,"Oye",3,"Boulonnais",2.03923,51.00083,"107_FR",0
"50","FR",108,2.95832897972139,0.701976368069482,2.60734079568665,0.200564676591281,0.551552860626022,1.45409390528678,8.47385758598161,304.583156600148,844.742348383222,530.64096813932,9.51822364375461,19.0364472875092,218.919143806356,1927.44028786031,0.833965848233515,0.957350272,"Oye",3,"Boulonnais",2.04073,51.00098,"108_FR",0
"51","FR",109,2.99722690054543,0.949121851839387,0.499537816757572,0.299722690054543,0.749306725136358,0.999075633515144,6.49399161784844,242.640335431682,753.462094235222,70.2379918354868,0,0,93.650655780649,1159.99107728304,0.880968938370622,0.934469201,"Oye",3,"Boulonnais",2.04135,51.00097,"109_FR",1
"52","FR",11,1.66710642673284,0.0901138609044781,0.270341582713434,0.315398513165673,0.225284652261195,0.405512374070151,2.97375740984778,320.796417651535,252.374804096487,180.588193153486,20.189984327719,4.48666318393755,40.379968655438,816.572699476635,0.871135564777127,0.321371611,"Duinkerke",3,"Flemish dunes",2.4663,51.06625,"11_FR",1
"53","FR",110,1.81825440013905,0.196568043258276,0.540562118960258,0.0982840216291378,0.294852064887413,0.687988151403964,3.6365088002781,526.569681975383,775.86354107484,310.345416429936,0,8.90335211069488,138.637911437963,1760.31990302882,NA,NA,"Oye",3,"Boulonnais",2.04243,51.00085,"110_FR",1
"54","FR",112,3.44318711362039,0.099802525032475,1.79644545058455,0.19960505006495,0.59881515019485,0.898222725292275,7.03607801478949,301.844780372446,84.8938444797505,490.497768105225,14.1489740799584,4.71632469331947,108.475467946348,1004.57715967705,0.832609284493895,0.391616766,"Oye",3,"Boulonnais",2.04367,51.00185,"112_FR",0
"55","FR",113,1.76563268460512,0.0980907047002843,0.245226761750711,0.245226761750711,1.02995239935298,1.07899775170313,4.46312706386293,394.608094225322,10.2053817472066,115.660993135008,0,0,68.0358783147106,588.510347422247,0.883061360606404,0.695139912,"Oye",3,"Boulonnais",2.04419,51.0023,"113_FR",0
"56","FR",114,2.21259860655648,0.10291156309565,1.18348297559998,0.205823126191301,0.411646252382602,1.18348297559998,5.299945499426,839.484028544783,68.1399373818817,272.559749527527,13.6279874763763,0,106.298302315735,1300.1100052463,0.87594591207096,0.272088353,"Oye",4,"Boulonnais",2.05805,51.0056,"114_FR",0
"57","FR",115,0.792514994614052,0,0.0495321871633783,0.198128748653513,0.0495321871633783,0.0990643743267565,1.18877249192108,1053.78005337281,460.057368434147,133.665316504516,9.32548719798947,57.5071710542684,306.186829667321,2020.52222623105,0.887728398895719,0.117161716,"Oye",3,"Boulonnais",2.05762,51.00551,"115_FR",0
"58","FR",116,5.50030854994931,0.10092309265962,1.26153865824526,0.656000102287533,0.403692370638482,0.958769380266394,8.8812321540466,549.281879972003,193.864192931295,410.807456449649,6.92372117611769,6.92372117611769,55.3897694089415,1223.19074111412,0.896026820588491,0.176136364,"Oye",3,"Boulonnais",2.057,51.00542,"116_FR",0
"59","FR",117,1.07956392920995,0.102815612305709,0.565485867681401,0.462670255375691,0.411262449222837,0.359854643069982,2.98165275686557,642.480539278598,289.489777872624,214.782738421624,5.60302795882498,16.8090838764749,149.414078902,1318.57924631015,0.871435954295295,0.176923077,"Oye",4,"Boulonnais",2.0558,51.00522,"117_FR",0
"60","FR",118,0.8359949409652,0.0983523459959058,0.295057037987717,0.34423321098567,0.245880864989765,0.147528518993859,1.96704691991812,136.351476374661,68.1757381873307,126.409181222342,5.68131151561089,4.26098363670817,35.5081969725681,376.386887909222,0.868720526459906,0.253424658,"Oye",2,"Boulonnais",2.05482,51.00505,"118_FR",0
"61","FR",119,1.52370275909345,0,0.589820422874882,0.442365317156162,0.835578932406083,0.589820422874882,3.98128785440545,413.751829594945,433.454297670895,1063.93327610129,13.1349787172998,13.1349787172998,262.699574345997,2200.10893514772,0.88249682648434,0.138912856,"Oye",3,"Boulonnais",2.05302,51.00467,"119_FR",0
"62","FR",12,2.94400988042372,0,0.807228515600053,0.522324333623564,0,0.332388212305904,4.60595094195324,509.05780603239,77.7066432884334,1202.07419617617,0,0,274.352026304061,2063.19067180106,0.867371191289966,0.88372093,"Duinkerke",4,"Flemish dunes",2.46838,51.06695,"12_FR",1
"63","FR",120,2.54690523057289,0.0489789467417863,0.0489789467417863,0.0979578934835726,0.293873680450718,0.146936840225359,3.18363153821611,208.557548156624,0,54.4063169104236,4.5338597425353,0,27.2031584552118,294.700883264795,0.878165974613079,0.239627434,"Oye",2,"Boulonnais",2.05242,51.00455,"120_FR",0
"64","FR",121,3.40881008807186,0.247015223773323,0.197612179018658,0.247015223773323,0.691642626565304,0.54343349230131,5.33552883350377,445.833053714318,106.999932891436,17.8333221485727,4.45833053714318,0,26.7499832228591,601.874622514329,0.885356865631197,0.460188934,"Oye",1,"Boulonnais",2.04961,51.00408,"121_FR",0
"65","FR",13,0.630879438127354,0.048529187548258,0.679408625675612,0.145587562644774,0.048529187548258,0.194116750193032,1.74705075173729,145.100784058318,68.6287492167719,39.2164281238696,3.92164281238696,3.92164281238696,35.2947853114827,296.084032335216,0.783858573817519,0.1592,"Duinkerke",3,"Flemish dunes",2.47146,51.06776,"13_FR",0
"66","FR",14,4.82715057171847,0.193086022868739,0.772344091474955,0.144814517151554,0.193086022868739,0.772344091474955,6.90282531755741,41.8773677620903,41.1553441799853,67.1481931357655,1.44404716421001,0,12.2744008957851,163.899353137836,0.878909374545769,0.5648,"Duinkerke",1,"Flemish dunes",2.459146,51.064457,"14_FR",0
"67","FR",15,0.868491671744362,0.241247686595656,5.21095003046617,0.241247686595656,0.0482495373191312,0.820242134425231,7.43042874714621,197.799956290523,278.718120227555,660.831672152428,0,4.49545355205734,94.404524593204,1236.24972681577,0.833776081302183,0.765224359,"Duinkerke",2,"Flemish dunes",2.460273,51.064615,"15_FR",1
"68","FR",154,4.91331821301681,0.343932274911177,0.736997731952521,0.540465003431849,1.17919637112403,2.06359364946706,9.77750324390345,1156.11005909513,472.33405069226,368.318248915264,10.2310624698684,20.4621249397369,156.876291204649,2184.33183731691,0.849015400394277,0.553514377,"Wimereux",2,"Boulonnais",1.60351,50.80344,"154_FR",0
"69","FR",155,2.53379613036552,37.062978691229,15.997693215249,0,0.298093662395944,0.84459871012184,56.7371604093613,157.633800897668,171.222921664709,1081.69401305641,0,8.15347246022422,35.331713994305,1454.03592207332,0.863807632192243,0.448441247,"Wimereux",1,"Boulonnais",1.60332,50.80309,"155_FR",0
"70","FR",156,0.63938305935937,0.196733249033652,1.08203286968509,0.196733249033652,0.0983666245168262,0.836116308393023,3.04936536002161,32.6680480075128,2.51292676980868,42.7197550867475,15.0775606188521,5.02585353961735,7.53878030942603,105.542924331964,0.864684669416825,0.834803528,"Wimereux",2,"Boulonnais",1.6036,50.8023,"156_FR",0
"71","FR",157,0.441229641811649,0,1.1766123781644,0.14707654727055,0.0980510315136997,0.14707654727055,2.01004614603084,72.171133679245,66.0289095363306,408.457905503812,3.07111207145724,21.4977845002006,47.6022371075871,618.829082398633,0.876663791506634,0.637889688,"Wimereux",1,"Boulonnais",1.60338,50.80269,"157_FR",0
"72","FR",158,5.45468006691054,1.20103047344819,2.30197507410903,0.500429363936747,0.400343491149397,2.05176039214066,11.9102188616946,1992.84577290414,1134.25008843297,3066.0903784931,61.0054828440043,61.0054828440043,458.67085249381,6773.86805801203,0.860363908897281,0.702161729,"Wimereux",2,"Boulonnais",1.60383,50.802,"158_FR",0
"73","FR",159,1.81043823198414,0.342515341186188,1.12540754961176,0.29358457815959,0.342515341186188,1.32113060171815,5.23559164384602,347.173673345197,433.967091681497,531.175720218152,0,13.8869469338079,190.945520339859,1517.14895251851,0.834466324425323,0.689710611,"Wimereux",2,"Boulonnais",1.60397,50.80167,"159_FR",0
"74","FR",16,3.56326416332732,0.0445408020415915,0.623571228582281,0,0.0445408020415915,0.57903042654069,4.85494742253347,715.430504958674,131.050821469065,1017.6497463057,0,0,171.168419877963,2035.2994926114,0.795613570624361,0.611378205,"Duinkerke",3,"Flemish dunes",2.462606,51.06545,"16_FR",0
"75","FR",160,1.47775985568452,0.443327956705355,0.837397251554559,0.197034647424602,0.0492586618561505,0.394069294849204,3.39884766807439,83.0869245284113,69.2391037736761,281.572355346283,4.6159402515784,0,46.159402515784,484.673726415732,0.805884254629588,0.695686901,"Wimereux",2,"Boulonnais",1.60409,50.80138,"160_FR",0
"76","FR",161,1.71161192614416,0.146709593669499,2.49406309238149,0.440128781008498,0.0978063957796661,0.63574157256783,5.52606136155114,37.86902365889,64.0860400381216,148.563092815645,2.91300181991462,0,34.9560218389754,288.387180171547,0.817865413781536,0.575878594,"Wimereux",2,"Boulonnais",1.60424,50.80116,"161_FR",0
"77","FR",162,2.40498550048903,0.300623187561128,0.951973427276906,0.551142510528735,0.400830916748171,0.701454104309299,5.31100964691327,77.1003093986052,198.257938453556,704.917114501533,0,4.72042710603705,91.2615907167163,1076.25738017645,0.840200433577169,0.810853951,"Wimereux",3,"Boulonnais",1.60434,50.80089,"162_FR",0
"78","FR",164,3.68340166962141,0.555033128299116,0.302745342708609,0.252287785590507,0.302745342708609,1.36235404218874,6.45856731111699,1115.00759559182,394.929454630392,146.985022588003,35.6327327486068,8.90818318715169,458.771434138312,2160.23442288428,0.830391357274033,0.446227929,"Wimereux",2,"Boulonnais",1.60472,50.80033,"164_FR",0
"79","FR",17,3.68232989587733,0.279670625003341,1.67802375002005,0.419505937505012,0.0466117708338902,0.885623645843914,6.99176562508353,1337.04526128815,211.021373709126,2136.15898795713,117.618470591972,46.701451558577,892.516629786138,4739.33249150003,0.802558771969372,0.623491553,"Duinkerke",1,"Flemish dunes",2.464618,51.065697,"17_FR",1
"80","FR",171,3.45203436914116,0.388961619058159,2.86859194055392,0.194480809529079,0.243101011911349,0.875163642880857,8.02233339307452,323.593678674109,1347.97612159337,1947.51778392209,11.9114237548752,1.9852372924792,412.929356835673,4045.9136020726,0.832945420451801,0.744408946,"Wimereux",3,"Boulonnais",2.020185,50.995455,"171_FR",0
"81","FR",18,5.8589526451351,0.142901284027685,1.81008293101735,0.523971374768179,0.428703852083056,0.952675226851235,9.7172873138826,270.950515470215,147.182996057895,254.225175009091,0,0,63.5562937522727,735.914980289474,0.831009053297409,0.470823341,"Duinkerke",2,"Flemish dunes",2.467506,51.066511,"18_FR",1
"82","FR",19,9.57094414387518,36.5762841930253,38.3287105855659,0.853746191237692,0.449340100651417,6.51543145944554,92.294456673801,188.951110946332,109.986467565776,109.986467565776,16.9209950101193,4.23024875252983,50.762985030358,482.248357788401,0.873255163501231,0.550840673,"Duinkerke",2,"Flemish dunes",2.469426,51.067175,"19_FR",1
"83","FR",2,5.46783466393413,0.640377032713006,2.46298858735772,0.394078173977235,0.640377032713006,1.52705292416178,11.1327084148569,211.74962029221,197.34488421791,456.630133555311,30.2499457560301,11.52378885944,122.44025663155,1029.93862931245,0.790291213828347,0.643714972,"Duinkerke",2,"Flemish dunes",2.454373,51.062798,"2_FR",1
"84","FR",20,15.6446496685328,8.01546865733471,7.29117932082856,0.386287646136612,0,6.90489167469195,38.1941910117575,183.553109199971,161.400147744802,91.7765545999853,0,4.74706316896476,99.68832654826,541.165201261983,0.803529855464604,0.690894569,"Duinkerke",2,"Flemish dunes",2.472153,51.067892,"20_FR",1
"85","FR",21,3.93643017204559,0.728968550378814,1.79812242426774,0.0971958067171752,0.0971958067171752,1.70092661755057,8.35883937767706,303.48704490333,621.718399680505,507.449998158199,0,0,181.8464884441,1613.27323869665,0.87002604222262,0.9952,"BrayDunes_2",2,"Flemish dunes",2.497517,51.074556,"21_FR",1
"86","FR",22,4.94197873219485,0.293582894981872,1.90828881738217,0.391443859975829,0,1.07647061493353,8.61176491946825,214.796857909725,382.412903099395,795.865814567247,7.44960200842977,0,176.307247532838,1576.83242511763,0.851515497283824,0.471485944,"BrayDunes_2",2,"Flemish dunes",2.496814,51.074132,"22_FR",0
"87","FR",23,2.90415306133843,0.0484025510223071,1.40367397964691,0.484025510223071,0.145207653066921,0.919648469423836,5.90511122472147,96.0486986950501,24.7867609535613,405.883210614566,3.09834511919516,3.09834511919516,92.9503535758549,625.865714077423,0.860689584668824,0.630522088,"BrayDunes_2",1,"Flemish dunes",2.495826,51.074144,"23_FR",1
"88","FR",24,2.22684799496583,0.346398576994685,1.92993492897039,0.494855109992407,0.0989710219984815,0.69279715398937,5.78980478691116,673.151922583037,192.511250587194,798.09299912307,76.4945366571633,10.1992715542884,220.559247361488,1969.73431892196,0.887659095761086,0.3512,"BrayDunes_2",1,"Flemish dunes",2.494928,51.073818,"24_FR",1
"89","FR",25,0.878155351521783,0,2.19538837880446,0.0975728168357537,0.439077675760892,0.487864084178769,4.09805830710166,256.982074946553,32.2412935357299,836.377085250405,32.2412935357299,0,96.7238806071897,1254.56562787561,0.851599889971176,0.951729686,"BrayDunes_2",2,"Flemish dunes",2.494105,51.073593,"25_FR",1
"90","FR",26,2.10391430484959,0.182949069986921,1.50932982739209,0.320160872477111,0.182949069986921,0.457372674967301,4.75667581965993,277.429946605428,521.419676432523,781.510251375112,8.66968583141963,0,142.430552944751,1730.22158664189,0.819945092970427,0.582601756,"BrayDunes_2",2,"Flemish dunes",2.492853,51.073218,"26_FR",1
"91","FR",27,12.6881091683862,0.631974786164828,1.55563024286727,1.02088234688164,0.0972268901792042,1.40978990759846,17.4036133420776,279.605312463071,575.341700645164,1543.20624378656,26.8851261983722,0,545.768061826955,2970.80644492012,0.796955482488133,0.436102236,"Duinkerke",4,"Flemish dunes",2.47256,51.06799,"27_FR",1
"92","FR",28,7.94608501586651,0.197418261263764,3.65223783337964,0.641609349107233,0.049354565315941,2.02353717795358,14.5595967682026,240.182210699066,86.3813213917693,659.447648673751,6.32058449208068,0,259.143964175308,1251.47572943197,0.863351746420494,0.1448,"Duinkerke",3,"Flemish dunes",2.47414,51.0682,"28_FR",1
"93","FR",29,1.58092660742335,0.0479068668916166,0.862323604049099,0.0479068668916166,0,0.239534334458083,2.77859827971376,887.664899318849,67.8997404329717,887.664899318849,67.8997404329717,0,347.779158315221,2258.90843781886,0.842794709881026,0.669607057,"Duinkerke",3,"Flemish dunes",2.47507,51.06866,"29_FR",0
"94","FR",3,1.28925136391189,0.347106136437817,1.83470386402846,0.446279318277193,0.0495865909196882,0.694212272875634,4.66113954645069,358.203198104915,523.384983759513,746.101998125263,29.6956019154334,5.56792535914375,296.956019154334,1959.9097264186,0.828791406711486,0.5768,"Duinkerke",2,"Flemish dunes",2.4545,51.063275,"3_FR",0
"95","FR",30,2.64274009555287,0.146818894197382,2.00652488736422,0.0489396313991273,0.146818894197382,1.0766718907808,6.06851429349178,1372.32680108918,605.211538682587,1324.14116902846,0,0,244.783010868435,3546.46251966866,0.806898563691881,0.730923695,"Duinkerke",4,"Flemish dunes",2.47559,51.0687,"30_FR",1
"96","FR",31,1.44152910611209,0.29824740126457,1.39182120590133,0.198831600843047,0,0.546786902318379,3.87721621643942,255.895266184517,362.906013861679,818.864851790455,9.30528240670971,0,130.273953693936,1577.2453679373,0.900220697710294,0.925925926,"Duinkerke",3,"Flemish dunes",2.47649,51.06886,"31_FR",1
"97","FR",32,9.87378503103073,0.196493234448373,1.71931580142326,0.540356394733025,0.0491233086120932,0.933342863629771,13.3124166338773,130.734915344819,44.8988598153923,96.4004931330481,6.60277350226357,2.64110940090543,21.1288752072434,302.407026403672,0.820668704571487,0.737261146,"Duinkerke",2,"Flemish dunes",2.4781,51.06936,"32_FR",1
"98","FR",33,1.14538237841481,0,0.547791572285343,0.0497992338441221,0,0.448193104597099,2.19116628914137,189.687235841082,89.2645815722738,223.161453930684,0,0,55.7903634826711,557.903634826711,0.820668704571487,0.737261146,"Duinkerke",4,"Flemish dunes",2.48059,51.06983,"33_FR",1
"99","FR",34,1.40512276603755,0.140512276603755,0.18734970213834,0.0468374255345851,0.0468374255345851,0.421536829811266,2.24819642566009,49.1371346532855,37.0683647384434,62.0679595620448,6.03438495742103,0,15.5169898905112,169.824833801706,0.854362669680178,0.413738019,"Duinkerke",4,"Flemish dunes",2.48308,51.07031,"34_FR",1
"100","FR",35,1.76224656708849,0.685318109423303,2.79022373122345,0.587415522362831,0.146853880590708,0.440561641772124,6.41261945246091,212.392674597247,131.183710780653,595.011831040817,4.68513252788045,0,87.4558071871018,1030.7291561337,0.849602424063201,0.436447167,"BrayDunes_2",3,"Flemish dunes",2.50198,51.07562,"35_FR",0
"101","FR",36,2.44265900093842,1.12738107735619,1.64409740447778,0.46974211556508,0.140922634669524,0.798561596460637,6.62336382946763,164.862911763498,108.659646389579,835.555211892276,7.49376871652266,0,138.634721255669,1255.20626001755,0.849602424063201,0.436447167,"BrayDunes_2",2,"Flemish dunes",2.50127,51.07546,"36_FR",1
"102","FR",37,0.93300820207852,0.343739863923665,0.93300820207852,0.540162643308617,0.0491056948462379,0.441951253616141,3.2409758598517,135.549249352388,40.3543566774284,107.611617806476,13.4514522258095,2.06945418858607,37.2501753945493,336.286305645237,0.796030168044243,0.181963288,"BrayDunes_2",2,"Flemish dunes",2.50586,51.07667,"37_FR",0
"103","FR",38,7.28586712561661,1.1281342646116,1.83321817999386,1.03412307589397,0.75208950974107,0.940111887176337,12.9735440430335,107.095275344835,81.3924092620748,185.631810597714,0,0,25.7028660827605,399.822361287385,0.834526949783162,0.105939005,"BrayDunes",4,"Flemish dunes",2.53417,51.08527,"38_FR",1
"104","FR",39,5.93081275693587,0.897097727939879,0.548226389296593,1.34564659190982,0.747581439949899,2.54177689582966,12.0111418018617,251.898350177354,158.497838313841,84.9095562395575,2.83031854131858,0,70.7579635329646,568.894026805035,0.847177209410307,0.613162119,"BrayDunes",4,"Flemish dunes",2.53221,51.08467,"39_FR",1
"105","FR",4,0.489239552875008,0,1.02740306103752,0,0.0978479105750015,0.195695821150003,1.81018634563753,116.975830794038,4.33243817755698,90.9812017286965,0,0,17.3297527102279,229.61922341052,0.869066532613196,0.82428115,"Duinkerke",3,"Flemish dunes",2.455347,51.063355,"4_FR",1
"106","FR",40,1.10659110392564,0,1.34715438738774,0.192450626769677,0.0481126566924193,0.336788596846935,3.03109737162242,711.512815865279,162.172325587363,739.27204276762,26.298214960113,0,242.527982409931,1881.78338159031,0.85078095096168,0.757234727,"BrayDunes_2",4,"Flemish dunes",2.491567,51.072881,"40_FR",0
"107","FR",41,0.589592981834341,0.0491327484861951,1.62138070004444,0.442194736375756,0.589592981834341,0.491327484861951,3.78322163343702,94.6903817305209,278.244044777377,281.15759498447,7.28387551773237,0,166.072361804298,827.448258814398,0.852115210863668,0.877207063,"BrayDunes_2",3,"Flemish dunes",2.500561,51.075289,"41_FR",1
"108","FR",42,2.93088266401607,0.149027932068614,1.98703909424818,0.496759773562046,0.248379886781023,1.19222345654891,7.00431280722484,406.550133319349,143.752533328389,931.022266634642,25.8305333324448,0,338.043066655039,1845.19853326986,0.865148468908843,0.855537721,"BrayDunes_2",3,"Flemish dunes",2.502552,51.075945,"42_FR",1
"109","FR",43,2.67887318652225,0.292240711256973,1.1202560598184,0.584481422513946,0.438361066885459,0.730601778142432,5.84481422513946,708.55441041326,106.833037490248,289.077630855964,37.7057779377345,6.28429632295575,113.117333813203,1261.57248683337,0.838963660810007,0.455773956,"BrayDunes",4,"Flemish dunes",2.534983,51.085643,"43_FR",0
"110","FR",44,4.00923165715068,0.279713836545396,0.559427673090792,0.279713836545396,0.139856918272698,0.745903564121056,6.01384748572601,120.648419876994,16.7991470714801,61.0878075326551,6.10878075326551,1.52719518831638,10.6903663182146,216.861716740925,0.813389932743274,0.368421053,"BrayDunes",4,"Flemish dunes",2.5334,51.085041,"44_FR",0
"111","FR",45,3.1686665622034,0.502962946381492,3.0680739729271,0.402370357105194,0.603555535657791,0.804740714210387,8.55037008848537,114.531797960244,264.124350398113,310.872023034947,14.0243017910502,0,65.4467416915678,768.999214875922,0.868396892355659,0.399680256,"BrayDunes",4,"Flemish dunes",2.531264,51.084401,"45_FR",0
"112","FR",46,3.54857813744432,0.788572919432072,1.0842877642191,0.887144534361081,0.44357226718054,0.985716149290089,7.7378717719272,60.4086266377347,50.3405221981123,364.968785936314,0,0,30.2043133188674,505.922248091028,0.883211678832117,0.004712535,"BrayDunes",3,"Flemish dunes",2.529338,51.084088,"46_FR",0
"113","FR",47,5.76283125960902,0.562227439961855,1.87409146653952,1.40556859990464,0.562227439961855,0.843341159942783,11.0102873659197,452.625547405286,200.477982184076,365.820647902902,0,10.3339166074266,39.2688831082212,1068.52697720791,0.835915457828638,0.620192308,"BrayDunes",3,"Flemish dunes",2.527212,51.083068,"47_FR",1
"114","FR",5,2.35608081858734,0.480832820119865,2.11566440852741,0.192333128047946,0.096166564023973,0.528916102131851,5.76999384143838,306.175053402547,161.318038889514,408.233404536729,6.5844097505924,0,144.857014513033,1027.16792109242,0.865094374323727,0.55849359,"Duinkerke",3,"Flemish dunes",2.456113,51.063716,"5_FR",1
"115","FR",53,8.99146493982872,0.717404117539526,1.91307764677207,0.765231058708827,0.860884941047431,1.00436576455534,14.2524284684519,85.792027650297,71.1446082953682,249.006129033789,12.5549308756532,4.18497695855107,46.0347465440618,468.71741935772,0.825766200407873,0.304417671,"BrayDunes",4,"Flemish dunes",2.53048,51.0842,"53_FR",0
"116","FR",54,0.638905474695049,0,4.03001914807646,0.0491465749765422,0.0982931499530844,0.245732874882711,5.06209722258385,275.748034702189,60.7580415445501,205.642602150785,7.0105432551404,2.33684775171347,60.7580415445501,612.254110948928,0.854479275017911,0.795509222,"BrayDunes",4,"Flemish dunes",2.52878,51.0835,"54_FR",0
"117","FR",55,5.01432507855244,1.82765119685556,2.76490822088405,0.421765660812822,0.0937257024028493,0.796668470424219,10.9190443299319,357.88350664052,484.519208990242,352.377606538358,16.5177003064855,0,154.165202860532,1365.46322533614,0.834211733166083,0.4752,"BrayDunes",4,"Flemish dunes",2.52678,51.08303,"55_FR",0
"118","FR",56,0.758278622223805,0.0505519081482537,0.657174805927298,0.151655724444761,0.252759540741268,0.252759540741268,2.12318014222665,49.8833412841665,72.6871544426426,155.350977142118,4.27571496721427,1.42523832240476,19.9533365136666,303.575762672213,0.839309321554686,0.174260592,"Touquet",4,"Boulonnais",1.60112,50.54889,"56_FR",0
"119","FR",57,1.26353447659605,0.151624137191526,0.960286202212997,0.50541379063842,0.353789653446894,0.151624137191526,3.38627239727741,950.719820091233,990.035301373201,1493.98828871479,60.760289253951,0,646.918373821478,4142.42207325466,0.850223323580708,0.46917534,"Touquet",2,"Boulonnais",1.60092,50.54967,"57_FR",0
"120","FR",58,14.5079748490402,1.23035829108468,1.33288814867507,0.20505971518078,0.666444074337535,4.81890330674833,22.7616283850666,1449.36001977714,395.044509412001,296.607189033929,0,10.3618231976918,176.150994360761,2327.52453578153,0.834638515829604,0.522058824,"Touquet",2,"Boulonnais",1.59888,50.55204,"58_FR",0
"121","FR",59,3.28998602302518,0.0567238969487099,0.11344779389742,0.11344779389742,2.38240367184582,1.24792573287162,7.20393491248616,463.93145533693,164.760703764517,47.6938879318339,4.33580799380308,47.6938879318339,156.089087776911,884.504830735829,0.834114201610897,0.50310559,"Touquet",4,"Boulonnais",1.59745,50.55289,"59_FR",0
"122","FR",6,1.33065801931227,2.32865153379648,2.28112803310675,0.285141004138344,0.23761750344862,0.807899511725309,7.27109560552778,164.046258244388,53.0737894320079,89.2604640447406,0,0,36.1866746127327,342.567186333869,0.862541101124616,0.843885516,"Duinkerke",4,"Flemish dunes",2.457273,51.064025,"6_FR",1
"123","FR",60,1.0562142908089,0.0480097404913134,0.0960194809826269,0.14402922147394,0.192038961965254,0.240048702456567,1.7763603981786,51.2711675292786,477.847281372877,38.9660873222518,0,0,26.6610071152249,594.745543339632,0.879226597510957,0.546137339,"Touquet",3,"Boulonnais",1.59475,50.55365,"60_FR",0
"124","FR",61,4.95959278557703,0.303648537892471,1.11337797227239,0.10121617929749,0.253040448243726,0.809729434379923,7.54060535766304,235.25056049663,341.732393142473,205.534700223371,0,0,71.8133289937081,854.330982856182,0.862596272351325,0.476076555,"Touquet",3,"Boulonnais",1.59338,50.5541,"61_FR",0
"125","FR",62,4.01401931976289,0.762155567043586,1.42269039181469,0.711345195907347,0.254051855681195,0.914586680452303,8.07884901066201,320.077673497682,665.015748820427,546.92884015138,31.0755022813284,24.8604018250627,195.775664372369,1783.73383094825,0.811229849327929,0.724358974,"Touquet",3,"Boulonnais",1.59031,50.55576,"62_FR",0
"126","FR",63,7.88782236696387,0.195970742036369,3.03754650156373,0.881868339163663,0.146978056527277,0.538919540600016,12.6891055468549,304.754611997613,212.670484631427,506.462700514018,15.3473545610308,0,52.6195013521058,1091.85465305619,NA,NA,"Touquet",3,"Boulonnais",1.589,50.55574,"63_FR",0
"127","FR",64,12.3804651508205,0.202958445095418,2.99363706515742,1.42070911566793,0.355177278916982,2.13106367350189,19.4840107291602,303.490700262756,148.044244030613,382.447630412417,9.86961626870752,9.86961626870752,78.9569301496602,932.678737392861,0.839305421238915,0.414068745,"Touquet",3,"Boulonnais",1.58864,50.55682,"64_FR",0
"128","FR",65,3.89311117787123,0.404479083415193,2.37631461506426,0.303359312561395,0.101119770853798,0.808958166830386,7.88734212659627,149.393131742022,134.588406974794,286.673306856312,0,0,72.677739766389,643.332585339517,0.877580904420195,0.330658106,"Touquet",4,"Boulonnais",1.58702,50.5585,"65_FR",0
"129","FR",66,1.32857945802719,0.0984132931871995,1.37778610462079,0.393653172748798,0.147619939780799,0.246033232967999,3.59208520133278,152.273832591247,435.374479098918,534.030765003106,0,0,122.248006446494,1243.92708313976,0.883681778011043,0.426858513,"Dannes",2,"Boulonnais",1.57849,50.58881,"66_FR",0
"130","FR",67,1.92115975001368,0.394084051284858,1.47781519231822,0.197042025642429,0,0.295563038463644,4.28566405772284,885.010878233891,348.132241201009,5372.98073468064,0,0,188.746395831873,6794.87024994741,0.890595068035123,0.3985623,"Dannes",3,"Boulonnais",1.57833,50.58962,"67_FR",0
"131","FR",68,0.557074749102317,0,1.29984108123874,0.232114478792632,0.0464228957585264,0.371383166068211,2.50683637096043,142.416255245894,92.4780878220089,636.249244215421,11.0973705386411,11.0973705386411,308.87681332551,1202.21514168612,0.897483653644123,0.274839744,"Dannes",3,"Boulonnais",1.57829,50.59089,"68_FR",0
"132","FR",69,4.97306353922345,0.487555248943475,2.09648757045694,1.51142127172477,0.0975110497886951,0.877599448098256,10.0436381282356,356.189053787967,390.717584512311,190.815564529268,5.4518732722648,5.4518732722648,85.4126812654819,1034.03863063956,0.88745973182566,0.20771757,"Dannes",4,"Boulonnais",1.5783,50.59257,"69_FR",0
"133","FR",7,2.58704892798661,0.670716388737269,1.53306603139947,0.0958166269624671,0,0.622808075256036,5.50945605034186,516.739760247454,169.387722238792,1069.93004300199,15.0090386793866,0,456.703605529907,2227.77016969753,0.809745865427371,0.730247406,"Duinkerke",4,"Flemish dunes",2.4597,51.06447,"7_FR",1
"134","FR",70,1.09264997617114,0,1.29131360820226,0.148997724023337,0.248329540038896,0.397327264062233,3.17861811249787,192.818885366514,344.145099198461,773.71628685044,14.6444723063175,7.32223615315874,117.15577845054,1449.80275832543,0.868170666831688,0.166134185,"Dannes",2,"Boulonnais",1.57892,50.59422,"70_FR",0
"135","FR",73,1.45775669694094,0.703744612316317,1.96043142002403,0.30160483384985,0,0.402139778466467,4.82567734159761,78.0549157389369,415.642426309839,210.74827249513,0,0,40.9788307629419,745.424445306847,0.890363288996756,0.22260274,"Dannes",4,"Boulonnais",1.57822,50.60259,"73_FR",0
"136","FR",74,6.8590350171611,0.515716918583542,3.24901658707631,0.154715075575062,0.567288610441896,3.09430151150125,14.4400737203392,400.631326287015,715.105378103704,245.548232240429,15.077523032307,23.6932504793396,137.851639152521,1537.90734929532,NA,NA,"Dannes",2,"Boulonnais",1.57838,50.59994,"74_FR",0
"137","FR",75,15.3337897758462,3.04610638644756,9.75786622099302,0.774433827062939,0.980949514279722,3.51076668268532,33.4039124073147,804.472286591345,1897.0182036597,578.281139698288,0,0,96.0245434923356,3375.79617344167,NA,NA,"Dannes",2,"Boulonnais",1.57844,50.5982,"75_FR",0
"138","FR",76,0.450063835355376,0.0500070928172639,0.600085113807167,0.300042556903584,0.0500070928172639,0.25003546408632,1.70024115578697,127.555647155812,166.80353858837,405.561544803095,6.5413152387596,3.2706576193798,101.390386200774,811.12308960619,0.853237772199553,0.638621795,"Hardelot",3,"Boulonnais",1.57438,50.65236,"76_FR",0
"139","FR",77,0.806470491311922,0.151213217120985,1.0584925198469,0.403235245655961,0.10080881141399,0.655257274190937,3.17547755954069,160.384935780386,286.225423854228,843.871508259878,14.8047633028049,0,98.6984220186992,1403.985053216,0.809971652985295,0.315156375,"Hardelot",2,"Boulonnais",1.57415,50.65358,"77_FR",0
"140","FR",78,2.00873698548196,0.301310547822295,0.853713218829835,0.753276369555737,0.0502184246370491,0.351528972459344,4.31878451878622,430.864238494614,718.10706415769,2202.19499675025,34.1955744836995,0,376.151319320695,3761.51319320695,0.811889468492623,0.76076555,"Hardelot",2,"Boulonnais",1.57395,50.65445,"78_FR",0
"141","FR",79,2.51991222237577,0.201592977790061,0.604778933370184,0.201592977790061,0,0.302389466685092,3.83026657801117,168.26963425483,388.67915518017,1092.56762523206,73.4698403084468,0,168.26963425483,1891.25588923034,0.821677003278262,0.671987231,"Hardelot",2,"Boulonnais",1.57381,50.65538,"79_FR",0
"142","FR",8,1.05129604721024,0.0477861839641017,0.812365127389729,0.812365127389729,0.716792759461526,1.33801315099485,4.77861839641017,1064.02207931121,1466.09493877443,2017.71928864775,29.4199653265772,2.45166377721477,1277.31682792889,5857.02476376608,0.856420474602894,0.079326923,"Duinkerke",3,"Flemish dunes",2.46082,51.06448,"8_FR",1
"143","FR",80,1.10363512791427,0.150495699261037,0.250826165435062,0,0.100330466174025,0.200660932348049,1.80594839113244,270.753963377166,277.439246423516,645.129813972754,13.3705660926996,0,106.964528741597,1313.65811860773,0.769134634155973,0.630608974,"Hardelot",3,"Boulonnais",1.5735,50.65611,"80_FR",0
"144","FR",81,1.80539361908714,0.195177688549962,0.731916332062356,0.195177688549962,0.0487944221374904,0.634327487787375,3.61078723817429,236.53385846206,188.014092623689,76.8229625774213,6.06497072979642,24.2598829191857,68.7363349376927,600.432102249845,0.85380854758074,0.621405751,"Touquet",3,"Boulonnais",1.5861,50.55944,"81_FR",0
"145","FR",82,1.95405867406675,0.146554400555007,0.146554400555007,0.146554400555007,0,0.146554400555007,2.54027627628678,112.512628257064,153.623011658683,186.078577502067,2.16370438955892,2.16370438955892,58.4200185180908,514.961644715023,0.872769191344713,0.417467949,"Touquet",3,"Boulonnais",1.58534,50.5601,"82_FR",0
"146","FR",83,1.23693908783521,0.494775635134082,0.296865381080449,0.544253198647491,0,0.247387817567041,2.82022112026427,234.23735680323,822.253893881684,415.165522058139,71.0789220644284,0,63.0017718298343,1605.73746663732,0.851307399924385,0.3712,"Touquet",2,"Boulonnais",1.58466,50.56063,"83_FR",0
"147","FR",84,3.5770503065349,0.245003445653075,0.29400413478369,0.588008269567381,0.0490006891306151,0.539007580436766,5.29207442610643,503.619002486566,308.121330635241,399.495242478795,19.1247722463253,0,91.3739118435542,1321.73425969048,0.865393585909075,0.25199362,"Touquet",2,"Boulonnais",1.58424,50.561,"84_FR",0
"148","FR",85,3.23289435673106,0.959765512154533,1.56593320404161,0.454625768915305,0.404111794591382,1.01027948647846,7.62761012291234,164.241776600646,84.9526430692996,90.6161526072529,0,0,33.9810572277199,373.791629504918,0.889618109084832,0.151273885,"Touquet",2,"Boulonnais",1.58402,50.56139,"85_FR",0
"149","FR",86,2.99996335596969,0.532251563155913,0.725797586121699,0.0967730114828932,0.822570597604593,0.532251563155913,5.7096076774907,261.514766125785,97.4736855559745,266.269580055345,7.1322208943396,14.2644417886792,30.9062905421383,677.560984962262,0.873496036586231,0.135782748,"Touquet",1,"Boulonnais",1.5841,50.56183,"86_FR",0
"150","FR",87,3.88075824643282,1.55230329857313,1.01869903968862,0.582113736964923,0.873170605447385,0.824661127366974,8.73170605447384,66.4722760139996,184.966333256347,46.2415833140867,5.78019791426084,11.5603958285217,28.9009895713042,343.92177589852,0.856814361529249,0.2296,"Touquet",3,"Boulonnais",1.58325,50.5625,"87_FR",0
"151","FR",88,0.962313615529866,0.336809765435453,0.384925446211947,0.43304112698844,0.240578403882467,0.28869408465896,2.64636244270713,151.172343849669,84.5719406151996,248.430075557149,7.40004480382996,2.11429851537999,32.7716269883898,526.460330329617,0.842668448194388,0.358113509,"Touquet",2,"Boulonnais",1.58324,50.56291,"88_FR",0
"152","FR",89,1.06317648426926,0.096652407660842,0.193304815321684,0.096652407660842,0.434935834473789,0.386609630643368,2.27133158002979,33.6836812770889,57.0031529304582,19.4328930444744,0,0,2.59105240592992,112.710779657951,0.885368002638053,0.372053872,"Touquet",2,"Boulonnais",1.58156,50.56372,"89_FR",0
"153","FR",9,0.946381505101172,0.709786128825879,1.23029595663152,0.236595376275293,0.141957225765176,0.283914451530352,3.54893064412939,375.427431883036,103.315301022076,493.294183753291,4.36543525445391,0,93.12928542835,1070.98678242602,0.786945804568922,0.7288,"Duinkerke",2,"Flemish dunes",2.46152,51.06508,"9_FR",1
"154","FR",90,2.08355624885276,0.595301785386503,1.93473080250614,0.0992169642310839,0.148825446346626,0.545693303270962,5.40732455059407,158.246606744645,134.975046929256,944.825328504789,6.98146794461667,11.6357799076944,67.4875234646278,1324.15175349563,0.860558194486729,0.704180064,"Oye",NA,"Boulonnais",2.020185,50.995455,"90_FR",0
"155","FR",91,3.8191122766426,0.452263295918203,4.07036966326383,0.150754431972734,0.201005909296979,1.20603545578187,9.89954103287622,379.571874560371,288.389804135254,1212.93358798063,0,0,205.689786772938,2086.58505344919,0.884317233154443,0.491024287,"Oye",4,"Boulonnais",2.02096,50.99556,"91_FR",0
"156","FR",92,2.39316692401197,1.44587168325723,0.199430577000998,0.498576442502495,0.648149375253243,0.797722308003991,5.98291731002994,30.1006531192073,240.805224953658,295.989755672205,0,0,70.2348572781503,637.130491023221,0.899093569521945,0.250398724,"Oye",3,"Boulonnais",2.0221,50.99566,"92_FR",0
"157","FR",93,3.50349008590715,0.355426530454349,0.507752186363355,0.152325655909007,1.37093090318106,0.91395393545404,6.80387929726896,826.797762097845,326.479116315559,190.799483561041,0,38.1598967122082,97.5197360423099,1479.75599472896,NA,NA,"Oye",1,"Boulonnais",2.02324,50.99638,"93_FR",0
"158","FR",94,1.56342206462005,0,0.554762668090986,0.100865939652907,0.554762668090986,0.45389672843808,3.22771006889301,138.232293579992,92.1548623866616,71.4994621965478,1.58887693770106,0,25.422031003217,328.89752610412,0.873417367452483,0.265957447,"Oye",3,"Boulonnais",2.02467,50.99615,"94_FR",0
"159","FR",95,3.25167181208246,0.739016320927833,0.640480811470788,0.344874283099655,0.295606528371133,0.344874283099655,5.61652403905153,80.2961240060363,181.622185251749,55.4425618136917,0,0,15.2944998106736,332.65537088215,0.864871809202662,0.742627346,"Oye",2,"Boulonnais",2.02607,50.99681,"95_FR",0
"160","FR",96,1.04797784066432,0.299422240189805,1.34740008085412,0.499037066983008,0.598844480379609,0.64874818707791,4.44142989614877,582.974579745798,419.741697416975,862.802378023782,23.3189831898319,0,816.164411644118,2705.0020500205,0.892243311653309,0.690810811,"Oye",3,"Boulonnais",2.02688,50.99743,"96_FR",0
"162","FR",98,3.71395696899883,0.903394938405122,3.36263671517462,0.200754430756694,1.25471519222934,1.95735569987776,11.3928139454424,791.97121582658,467.549271994005,1994.24077238259,0,19.0836437548574,394.395304267052,3667.24020822509,0.908758082852142,0.93594306,"Oye",2,"Boulonnais",2.02927,50.99858,"98_FR",0
"163","FR",99,0.662121566006462,0.356526997080403,0.356526997080403,0.0509324281543433,0.15279728446303,0.458391853389089,2.03729712617373,28.4007347986651,34.4866065412362,50.7155978547591,0,0,14.2003673993325,127.803306593993,0.844230375471283,0.728033473,"Oye",3,"Boulonnais",2.03025,50.99886,"99_FR",0
"164","NL",10,0.337942583124371,0.193110047499641,0.337942583124371,0.193110047499641,0.241387559374551,0.289665071249461,1.59315789187204,48.0885183078888,24.7514432467075,28.9945478032859,2.12155227828921,0,9.90057729868299,113.856638934854,NA,NA,"Vrouwenpolder",4,"Renodunaal",3.646076,51.590858,"10_NL",0
"165","NL",101,3.71269015026204,0.100342977034109,0,0.0501714885170546,0.150514465551164,0.551886373687601,4.56560545505197,699.93220228469,71.7143649881854,71.7143649881854,8.60572379858225,5.73714919905483,54.5029173910209,912.206722649718,0.877054104718381,0.039419655,"Camperduin_1",4,"Wadden",4.640295,52.735439,"101_NL",0
"166","NL",102,2.56337616920693,0,15.0726518749367,0.205070093536554,0.307605140304831,2.35830607567037,20.5070093536554,242.641161978404,0,5669.71515156205,0,0,274.993316908858,6187.34963044931,0.78934322807136,0.231246249,"Camperduin_1",3,"Wadden",4.640662,52.734701,"102_NL",0
"167","NL",103,2.62975306735548,0.101144348744442,1.61830957991107,0.303433046233325,0.101144348744442,0.252860871861104,5.00664526284986,155.942450733678,6.3219912459599,313.992231882675,6.3219912459599,0,73.7565645361989,556.335229644471,0.691478571667502,0.358471694,"Camperduin_1",4,"Wadden",4.641252,52.73414,"103_NL",0
"168","NL",104,3.6227373876655,0.103506782504729,2.69117634512295,0.258766956261822,0.207013565009457,0.621040695028372,7.50424173159283,489.359982171855,199.8794293378,3407.14015756273,0,0,379.08167633031,4475.46124540269,0.784830768650903,0.36058365,"Camperduin_1",3,"Wadden",4.640849,52.733478,"104_NL",0
"169","NL",105,2.88223309324393,0,0.707916900095001,0.101130985727857,0.303392957183572,0.3539584500475,4.34863238629786,342.2723968868,107.867664473416,591.197776440836,10.3718908147515,0,37.3388069331054,1089.04853554891,0.948480544026254,0.013363879,"Camperduin_1",4,"Wadden",4.639662,52.733372,"105_NL",0
"170","NL",106,2.96939644971099,0.204785962049034,2.40623505407615,0.665554376659359,0.255982452561292,0.614357886147101,7.11631218120392,509.59268024624,0,434.494811578373,16.0924004288286,5.36413347627622,42.9130678102097,1008.45709353993,0.834504590789663,0.201840368,"Camperduin_1",4,"Wadden",4.640096,52.73231,"106_NL",0
"171","NL",107,3.29051081663041,0.303739459996653,1.51869729998327,0.607478919993306,0,0.404985946662204,6.12541244326584,545.534589021181,1131.85681086638,825.949564686274,53.5337680815178,0,119.81367142054,2676.68840407589,NA,NA,"Camperduin_1",4,"Wadden",4.639159,52.732654,"107_NL",0
"172","NL",109,7.30166841124947,0.0507060306336769,2.23106534788178,0.659178398237799,0.152118091901031,0.507060306336769,10.9017965862405,426.567878724614,46.9224666597075,1365.01721191876,29.859751510723,8.53135757449227,59.7195030214459,1936.61816940975,0.795927719401119,0.594,"Camperduin_1",4,"Wadden",4.639972,52.730492,"109_NL",0
"173","NL",11,0.341905934618472,0.24421852472748,0,0.146531114836488,0.0488437049454961,0.195374819781984,0.976874098909921,148.895030199034,73.6015206097497,53.297652855336,0,0,20.3038677544137,296.098071418533,0.805961365222658,0.175740592,"Vrouwenpolder",3,"Renodunaal",3.657265,51.592739,"11_NL",0
"174","NL",110,4.25384979396879,0.0500452916937505,1.50135875081251,0.300271750162503,0.100090583387501,0.200181166775002,6.40579733680006,109.980206343918,91.3043222477807,487.648084732465,10.3754911645205,0,20.7509823290411,720.059086817725,0.918789604311247,0.380239521,"Camperduin_1",3,"Wadden",4.639604,52.730248,"110_NL",0
"175","NL",2,0.347329580908822,0,0,0.297711069350419,0.0496185115584031,0,0.694659161817643,96.5245945967027,16.0874324327838,84.8246437364963,0,1.4624938575258,23.3999017204128,222.299066343921,0.875498564862728,0.00179928,"Vrouwenpolder",3,"Renodunaal",3.65167,51.591433,"2_NL",1
"176","NL",3,0.0477778527709972,0,0.0477778527709972,0.286667116625983,0,0.0955557055419944,0.477778527709972,50.4447477039067,48.0426168608636,152.535308533242,0,2.40213084304318,49.2436822823851,302.66848622344,0.771636552008129,0.635216346,"Vrouwenpolder",4,"Renodunaal",3.650692,51.591403,"3_NL",1
"177","NL",4,0.144748400966,0,1.06148827375067,0.144748400966,0,0,1.35098507568267,23.4793091988176,1.17396545994088,4.10887910979307,0,0,0,28.7621537685515,0.801178098810241,0.318703443,"Vrouwenpolder",4,"Renodunaal",3.650063,51.591302,"4_NL",0
"178","NL",5,0.85135350678762,0.0500796180463306,0.701114652648628,0.100159236092661,0,0.150238854138992,1.85294586771423,224.644836301945,45.2521972406796,164.84728994819,16.1614990145284,0,79.1913451711893,530.097167676532,NA,NA,"Vrouwenpolder",3,"Renodunaal",3.64978,51.591027,"5_NL",1
"179","NL",6,0.326708150942445,0,0.140017778975334,0.0466725929917779,0,0.0466725929917779,0.560071115901335,275.739038689546,11.6714937011448,103.58450659766,0,0,17.5072405517172,408.502279540068,0.877194992393337,0.058020478,"Vrouwenpolder",4,"Renodunaal",3.64921,51.591255,"6_NL",0
"180","NL",7,0.240899980588147,0.0481799961176293,0.192719984470517,0,0,0.144539988352888,0.626339949529181,32.0642525710649,20.5211216454815,0,3.84771030852779,0,14.1082711312686,70.5413556563428,NA,NA,"Vrouwenpolder",4,"Renodunaal",3.648393,51.590995,"7_NL",0
"181","NL",8,1.84470981973198,0.141900755363998,0.331101762515996,0.0473002517879994,0.0946005035759988,0.283801510727996,2.74341460370396,65.3954788819955,11.4182582174913,6.22814084590433,0,1.03802347431739,5.19011737158694,89.2700187912954,NA,NA,"Vrouwenpolder",4,"Renodunaal",3.647686,51.591072,"8_NL",0
"182","NL",9,1.14844179515367,0.249661259816015,1.34817080300648,0.0998645039264058,0,0.299593511779218,3.14573187368178,88.1729207372247,31.0058622372658,162.780776745646,0,2.90679958474367,2.90679958474367,287.773158889623,NA,NA,"Vrouwenpolder",4,"Renodunaal",3.646989,51.590892,"9_NL",0
"183","UK",1,0.24613391845051,0,2.85515345402591,0.147680351070306,0.0492267836901019,0.147680351070306,3.44587485830714,2194.05012300683,936.671050193169,2318.76990958146,25.4530176682926,0,173.08052014439,5648.02462059414,0.816104107551478,0.4016,"Winterton",4,"UK-N",1.6902929,52.7283131,"1_UK",0
"184","UK",10,0.0991227183554643,0,0.247806795888661,0,0,0,0.346929514244125,231.953470797142,354.752367101511,799.898366204849,0,0,199.5482064946,1586.1524105981,0.812879166555092,0.531300161,"Winterton",3,"UK-N",1.6958508,52.7223241,"10_UK",0
"185","UK",11,0.629615893566562,0,1.11393581169469,0,0,0.242159959064062,1.98571166432531,229.594535800497,82.1588289874328,208.210730995549,0,0,39.3912193775363,559.355315161015,0.750113593048552,0.244239631,"Holme",2,"UK-N",0.5484504,52.9753468,"11_UK",0
"186","UK",12,0.297718287422737,0.148859143711368,0.446577431134105,0.0992394291409122,0,0.148859143711368,1.14125343512049,119.148351890183,258.839523071777,394.422130395089,0,0,98.6055325987722,871.015537955821,0.842298246810833,0.094616639,"Holme",3,"UK-N",0.54713,52.97528,"12_UK",0
"187","UK",13,0.245741874506769,0,0.196593499605415,0,0.0982967498027077,0.0982967498027077,0.6389288737176,69.4412171692895,76.0546664235075,52.9075940337444,6.61344925421804,0,23.1470723897632,228.163999270523,0.861199400008963,0.070972887,"Holme",3,"UK-N",0.54595,52.97518,"13_UK",0
"188","UK",14,0.599809612573819,0,0.0499841343811516,0,0,0.0499841343811516,0.699777881336123,284.625854077882,302.41496995775,233.799808706832,17.7891158798676,0,106.734695279206,945.364443901538,0.86119226230427,0.102073365,"Holme",4,"UK-N",0.54482,52.9751,"14_UK",0
"189","UK",15,0.500972136085787,0,0,0.100194427217157,0.250486068042894,0.0500972136085787,0.901749844954417,357.38259761522,256.812620396866,186.772814834085,0,0,82.6110527150759,883.579085561246,0.826041377471251,0.136436597,"Holme",3,"UK-N",0.54351,52.97495,"15_UK",0
"190","UK",16,0.586762563045399,0.0488968802537832,0.342278161776482,0.14669064076135,0,0.0488968802537832,1.1735251260908,61.7649424904439,226.471455798294,111.419111943546,2.42215460746839,0,25.4326233784181,427.51028821817,0.850622653879119,0.775020016,"Holme",3,"UK-N",0.5424,52.9747,"16_UK",0
"191","UK",17,1.65687191533681,0.200832959434764,0.351457679010838,0.150624719576073,0,0.401665918869529,2.76145319222801,313.399087097019,344.479988296724,98.4228537990639,7.7702252999261,5.18015019995073,90.6526284991378,859.904933191822,0.855254583367806,0.039111111,"Holme",3,"UK-N",0.54128,52.97472,"17_UK",0
"192","UK",18,1.25525721953603,0.0482791238283087,0.482791238283087,0.144837371484926,0,0.38623299062647,2.31739794375882,461.382799367225,84.3573028693807,65.4199491640095,22.3805089245296,0,98.1299237460142,731.670484071159,0.833259040933849,0.140662894,"Holme",3,"UK-N",0.54008,52.9745,"18_UK",0
"193","UK",19,0.147634783405147,0.0984231889367644,0.295269566810293,0,0,0,0.541327539152204,165.032297959682,84.1132357342893,126.702215852917,2.12944900593138,4.25889801186275,29.8122860830393,412.048382647721,0.852001867650397,0.272435897,"Holme",2,"UK-N",0.53847,52.9741,"19_UK",0
"194","UK",2,0.197570605068972,0.049392651267243,0.345748558870701,0.148177953801729,0,0.246963256336215,0.98785302534486,161.184986684992,36.3456342524983,551.505493657474,0,3.16048993499985,22.123429544999,774.320034074963,0.821447210575785,0.604501608,"Winterton",3,"UK-N",1.690242,52.7278394,"2_UK",0
"195","UK",20,1.91116996926607,0.100587893119267,0.201175786238534,0.100587893119267,0,0.352057625917434,2.66557916766057,155.682876391265,182.524751631138,1023.57017581383,14.3156667945991,0,109.156959308818,1485.25042993966,0.849212866658115,0.052905464,"Holme",3,"UK-N",0.53726,52.97397,"20_UK",0
"196","UK",21,1.24172843779538,0.0496691375118152,0.447022237606337,0.0993382750236304,0,0.0993382750236304,1.93709636296079,59.2838663659834,4.13608369995233,67.5560337658881,2.75738913330155,1.37869456665078,12.408251099857,147.520318631633,0.843600272192421,0.029959514,"Holkham",4,"UK-N",0.8203,52.97715,"21_UK",0
"197","UK",22,1.64703030739576,0,0.449190083835207,0.449190083835207,0.149730027945069,0.249550046575115,2.94469054958636,136.272261521836,88.4319994982126,178.313703906232,4.34911472942029,2.89940981961353,60.8876062118841,471.154095687198,0.840157368412323,0.116427432,"Holkham",4,"UK-N",0.81944,52.97699,"22_UK",0
"198","UK",23,0.734226019428118,0.0978968025904158,0.342638809066455,0,0,0.244742006476039,1.41950363756103,16.1193482872915,34.135090490735,201.965952070182,0.948196958075973,0,20.8603330776714,274.028920883956,0.85155455106869,0.016949153,"Holkham",4,"UK-N",0.8182,52.97676,"23_UK",0
"199","UK",24,6.82612124565129,0.197858586830472,0.544111113783798,0.296787880245708,0.0989292934152361,0.643040407199035,8.60684852712554,443.217932051843,304.298878722161,509.369862208834,33.0759650784957,0,105.843088251186,1395.80572631252,0.839215777857059,0.17358804,"Holkham",4,"UK-N",0.81699,52.97674,"24_UK",0
"200","UK",25,2.19496756165402,0.0510457572477679,0.459411815229911,0.204183028991072,0.102091514495536,0.204183028991072,3.21588270660938,356.429049966274,963.280234176093,321.093411392031,16.8996532311595,0,95.2525909392628,1752.95493970482,0.838835078667237,0.279518072,"Holkham",3,"UK-N",0.81608,52.97667,"25_UK",0
"201","UK",26,0.58139304518495,0.0968988408641583,0.872089567777424,0,0,0.0968988408641583,1.64728029469069,164.246195048995,298.468892078281,798.27182970049,0,0,88.3044059403197,1349.29132276809,0.809407921850998,0.2248,"Holkham",3,"UK-N",0.81536,52.96766,"26_UK",0
"202","UK",27,0.802568007257602,0,0.601926005443201,0,0.1003210009072,0.351123503175201,1.8559385167832,123.156997023087,94.1105354610382,173.116910909811,15.1041600122654,0,39.5031877243864,444.991791130588,0.829832022689297,0.073541167,"Holkham",4,"UK-N",0.81474,52.97655,"27_UK",0
"203","UK",28,0.644316366451699,0.247813987096807,1.48688392258084,0.0495627974193615,0,0.34693958193553,2.77551665548424,662.881620164639,226.349821519633,303.596189181095,12.574990084424,19.7606987040949,141.9177452385,1367.08106489239,0.820045199431374,0.130573248,"Holkham",2,"UK-N",0.81357,52.9764,"28_UK",0
"204","UK",29,0.691137336068784,0,0.197467810305367,0,0.0987339051526834,0.246834762881708,1.23417381440854,268.026005082928,165.221509982627,297.398717968728,3.67158911072504,3.67158911072504,58.7454257716007,796.734837027334,0.839058240633578,0.172690763,"Holkham",3,"UK-N",0.81241,52.97615,"29_UK",0
"205","UK",3,0.250357594567609,0,0.801144302616348,0.0500715189135217,0.0500715189135217,0.0500715189135217,1.20171645392452,153.310263140188,166.240044368878,2325.5135095602,0,14.7768928327892,125.603589078708,2785.44429898076,0.807292598249644,0.473092369,"Winterton",4,"UK-N",1.6907704,52.7277827,"3_UK",0
"206","UK",30,0.707431664015523,0.101061666287932,0.303184998863796,0,0.151592499431898,0.151592499431898,1.41486332803105,260.143951748335,219.294901473803,885.779405953008,19.3495501300414,0,79.5481505346147,1464.1159598398,0.85537396728452,0.007993605,"Holkham",4,"UK-N",0.81133,52.97594,"30_UK",0
"207","UK",4,0,0,0.151839193066495,0.101226128710997,0,0.0506130643554985,0.303678386132991,216.198003322842,41.7655233691853,178.117673192114,4.91359098461004,0,34.3951368922703,475.389927761021,0.841882488921141,0.691259022,"Winterton",2,"UK-N",1.691048,52.727122,"4_UK",0
"208","UK",5,0.0489425752001793,0,0.0489425752001793,0,0,0.0978851504003585,0.195770300800717,214.215358064166,36.2518298262434,739.866890544695,9.88686267988457,9.88686267988457,87.3339536723137,1097.44175746719,0.826459039224178,0.676751592,"Winterton",4,"UK-N",1.6916836,52.7266913,"5_UK",0
"209","UK",6,0.19471900296367,0,0.19471900296367,0.0973595014818349,0.0486797507409174,0.0486797507409174,0.584157008891009,134.478371683693,149.060363793973,580.039241720024,0,4.86066403675998,110.175051499893,978.613692734342,0.826003004101428,0.662650602,"Winterton",3,"UK-N",1.6924326,52.7261622,"6_UK",0
"210","UK",7,0.0499278712702283,0,0.199711485080913,0.0499278712702283,0,0,0.29956722762137,197.400410852785,57.1780500401169,277.721957337711,0,9.52967500668615,72.1532536220523,613.983346859351,0.825731425242934,0.331205108,"Winterton",3,"UK-N",1.6941878,52.7250935,"7_UK",0
"211","UK",8,0,0.0486887210661202,0.0486887210661202,0,0,0,0.0973774421322404,146.566399464822,82.9062461619193,752.078090183125,4.44140604438854,0,82.9062461619193,1068.89838801617,0.843153718438971,0.208,"Winterton",4,"UK-N",1.6946803,52.7245052,"8_UK",0
"212","UK",9,0.0504880407227888,0,0.100976081445578,0.252440203613944,0.100976081445578,0.201952162891155,0.706832570119044,95.8693712801866,89.8775355751749,281.616278135548,5.99183570501166,2.99591785250583,107.85304269021,584.203981238637,0.860002869255259,0.805577689,"Winterton",2,"UK-N",1.6953727,52.7233265,"9_UK",0
